scenario_id,rule,odd,disturbance,seed,na_cell,verdict,cpa_min_nm,asdr_hash,safety_score,rule_score,delay_pen,mag_pen,phase_score,total_score,iv_mode,fail_gif_path
mc_00000,MC,open_sea,bf_2_3,0,False,FAIL,0.0000,,0.0000,1.0,0.0,0.0,1.0,0.0000,,
mc_00001,MC,open_sea,bf_2_3,0,False,SKIP,0.0000,,0.0000,1.0,0.0,0.0,1.0,0.0000,,
mc_00002,MC,open_sea,bf_2_3,0,False,SKIP,0.0000,,0.0000,1.0,0.0,0.0,1.0,0.0000,,
mc_00003,MC,open_sea,bf_2_3,0,False,SKIP,0.0000,,0.0000,1.0,0.0,0.0,1.0,0.0000,,
mc_00004,MC,open_sea,bf_2_3,0,False,FAIL,0.0000,,0.0000,1.0,0.0,0.0,1.0,0.0000,,
mc_00005,MC,open_sea,bf_2_3,0,False,FAIL,0.0000,,0.0000,1.0,0.0,0.0,1.0,0.0000,,
mc_00006,MC,open_sea,bf_2_3,0,False,FAIL,0.0000,,0.0000,1.0,0.0,0.0,1.0,0.0000,,
mc_00007,MC,open_sea,bf_2_3,0,False,SKIP,0.0000,,0.0000,1.0,0.0,0.0,1.0,0.0000,,
mc_00008,MC,open_sea,bf_2_3,0,False,SKIP,0.0000,,0.0000,1.0,0.0,0.0,1.0,0.0000,,
mc_00009,MC,open_sea,bf_2_3,0,False,SKIP,0.0000,,0.0000,1.0,0.0,0.0,1.0,0.0000,,
mc_00010,MC,open_sea,bf_2_3,0,False,FAIL,0.0000,,0.0000,1.0,0.0,0.0,1.0,0.0000,,
mc_00011,MC,open_sea,bf_2_3,0,False,SKIP,0.0000,,0.0000,1.0,0.0,0.0,1.0,0.0000,,
mc_00012,MC,open_sea,bf_2_3,0,False,FAIL,0.0000,,0.0000,1.0,0.0,0.0,1.0,0.0000,,
mc_00013,MC,open_sea,bf_2_3,0,False,FAIL,0.0000,,0.0000,1.0,0.0,0.0,1.0,0.0000,,
mc_00014,MC,open_sea,bf_2_3,0,False,FAIL,0.0000,,0.0000,1.0,0.0,0.0,1.0,0.0000,,
mc_00015,MC,open_sea,bf_2_3,0,False,FAIL,0.0000,,0.0000,1.0,0.0,0.0,1.0,0.0000,,
mc_00016,MC,open_sea,bf_2_3,0,False,SKIP,0.0000,,0.0000,1.0,0.0,0.0,1.0,0.0000,,
mc_00017,MC,open_sea,bf_2_3,0,False,FAIL,0.0000,,0.0000,1.0,0.0,0.0,1.0,0.0000,,
mc_00018,MC,open_sea,bf_2_3,0,False,SKIP,0.0000,,0.0000,1.0,0.0,0.0,1.0,0.0000,,
mc_00019,MC,open_sea,bf_2_3,0,False,SKIP,0.0000,,0.0000,1.0,0.0,0.0,1.0,0.0000,,
mc_00020,MC,open_sea,bf_2_3,0,False,SKIP,0.0000,,0.0000,1.0,0.0,0.0,1.0,0.0000,,
mc_00021,MC,open_sea,bf_2_3,0,False,FAIL,0.0000,,0.0000,1.0,0.0,0.0,1.0,0.0000,,
mc_00022,MC,open_sea,bf_2_3,0,False,SKIP,0.0000,,0.0000,1.0,0.0,0.0,1.0,0.0000,,
mc_00023,MC,open_sea,bf_2_3,0,False,FAIL,0.0000,,0.0000,1.0,0.0,0.0,1.0,0.0000,,
mc_00024,MC,open_sea,bf_2_3,0,False,SKIP,0.0000,,0.0000,1.0,0.0,0.0,1.0,0.0000,,
mc_00025,MC,open_sea,bf_2_3,0,False,SKIP,0.0000,,0.0000,1.0,0.0,0.0,1.0,0.0000,,
mc_00026,MC,open_sea,bf_2_3,0,False,FAIL,0.0000,,0.0000,1.0,0.0,0.0,1.0,0.0000,,
mc_00027,MC,open_sea,bf_2_3,0,False,FAIL,0.0000,,0.0000,1.0,0.0,0.0,1.0,0.0000,,
mc_00028,MC,open_sea,bf_2_3,0,False,FAIL,0.0000,,0.0000,1.0,0.0,0.0,1.0,0.0000,,
mc_00029,MC,open_sea,bf_2_3,0,False,FAIL,0.0000,,0.0000,1.0,0.0,0.0,1.0,0.0000,,
mc_00030,MC,open_sea,bf_2_3,0,False,SKIP,0.0000,,0.0000,1.0,0.0,0.0,1.0,0.0000,,
mc_00031,MC,open_sea,bf_2_3,0,False,FAIL,0.0000,,0.0000,1.0,0.0,0.0,1.0,0.0000,,
mc_00032,MC,open_sea,bf_2_3,0,False,SKIP,0.0000,,0.0000,1.0,0.0,0.0,1.0,0.0000,,
mc_00033,MC,open_sea,bf_2_3,0,False,SKIP,0.0000,,0.0000,1.0,0.0,0.0,1.0,0.0000,,
mc_00034,MC,open_sea,bf_2_3,0,False,SKIP,0.0000,,0.0000,1.0,0.0,0.0,1.0,0.0000,,
mc_00035,MC,open_sea,bf_2_3,0,False,FAIL,0.0000,,0.0000,1.0,0.0,0.0,1.0,0.0000,,
mc_00036,MC,open_sea,bf_2_3,0,False,SKIP,0.0000,,0.0000,1.0,0.0,0.0,1.0,0.0000,,
mc_00037,MC,open_sea,bf_2_3,0,False,FAIL,0.0000,,0.0000,1.0,0.0,0.0,1.0,0.0000,,
mc_00038,MC,open_sea,bf_2_3,0,False,FAIL,0.0000,,0.0000,1.0,0.0,0.0,1.0,0.0000,,
mc_00039,MC,open_sea,bf_2_3,0,False,SKIP,0.0000,,0.0000,1.0,0.0,0.0,1.0,0.0000,,
mc_00040,MC,open_sea,bf_2_3,0,False,FAIL,0.0000,,0.0000,1.0,0.0,0.0,1.0,0.0000,,
mc_00041,MC,open_sea,bf_2_3,0,False,FAIL,0.0000,,0.0000,1.0,0.0,0.0,1.0,0.0000,,
mc_00042,MC,open_sea,bf_2_3,0,False,FAIL,0.0000,,0.0000,1.0,0.0,0.0,1.0,0.0000,,
mc_00043,MC,open_sea,bf_2_3,0,False,FAIL,0.0000,,0.0000,1.0,0.0,0.0,1.0,0.0000,,
mc_00044,MC,open_sea,bf_2_3,0,False,FAIL,0.0000,,0.0000,1.0,0.0,0.0,1.0,0.0000,,
mc_00045,MC,open_sea,bf_2_3,0,False,FAIL,0.0000,,0.0000,1.0,0.0,0.0,1.0,0.0000,,
mc_00046,MC,open_sea,bf_2_3,0,False,FAIL,0.0000,,0.0000,1.0,0.0,0.0,1.0,0.0000,,
mc_00047,MC,open_sea,bf_2_3,0,False,SKIP,0.0000,,0.0000,1.0,0.0,0.0,1.0,0.0000,,
mc_00048,MC,open_sea,bf_2_3,0,False,SKIP,0.0000,,0.0000,1.0,0.0,0.0,1.0,0.0000,,
mc_00049,MC,open_sea,bf_2_3,0,False,SKIP,0.0000,,0.0000,1.0,0.0,0.0,1.0,0.0000,,
mc_00050,MC,open_sea,bf_2_3,0,False,FAIL,0.0000,,0.0000,1.0,0.0,0.0,1.0,0.0000,,
mc_00051,MC,open_sea,bf_2_3,0,False,FAIL,0.0000,,0.0000,1.0,0.0,0.0,1.0,0.0000,,
mc_00052,MC,open_sea,bf_2_3,0,False,FAIL,0.0000,,0.0000,1.0,0.0,0.0,1.0,0.0000,,
mc_00053,MC,open_sea,bf_2_3,0,False,SKIP,0.0000,,0.0000,1.0,0.0,0.0,1.0,0.0000,,
mc_00054,MC,open_sea,bf_2_3,0,False,FAIL,0.0000,,0.0000,1.0,0.0,0.0,1.0,0.0000,,
mc_00055,MC,open_sea,bf_2_3,0,False,FAIL,0.0000,,0.0000,1.0,0.0,0.0,1.0,0.0000,,
mc_00056,MC,open_sea,bf_2_3,0,False,SKIP,0.0000,,0.0000,1.0,0.0,0.0,1.0,0.0000,,
mc_00057,MC,open_sea,bf_2_3,0,False,SKIP,0.0000,,0.0000,1.0,0.0,0.0,1.0,0.0000,,
mc_00058,MC,open_sea,bf_2_3,0,False,FAIL,0.0000,,0.0000,1.0,0.0,0.0,1.0,0.0000,,
mc_00059,MC,open_sea,bf_2_3,0,False,SKIP,0.0000,,0.0000,1.0,0.0,0.0,1.0,0.0000,,
mc_00060,MC,open_sea,bf_2_3,0,False,FAIL,0.0000,,0.0000,1.0,0.0,0.0,1.0,0.0000,,
mc_00061,MC,open_sea,bf_2_3,0,False,FAIL,0.0000,,0.0000,1.0,0.0,0.0,1.0,0.0000,,
mc_00062,MC,open_sea,bf_2_3,0,False,FAIL,0.0000,,0.0000,1.0,0.0,0.0,1.0,0.0000,,
mc_00063,MC,open_sea,bf_2_3,0,False,FAIL,0.0000,,0.0000,1.0,0.0,0.0,1.0,0.0000,,
mc_00064,MC,open_sea,bf_2_3,0,False,FAIL,0.0000,,0.0000,1.0,0.0,0.0,1.0,0.0000,,
mc_00065,MC,open_sea,bf_2_3,0,False,FAIL,0.0000,,0.0000,1.0,0.0,0.0,1.0,0.0000,,
mc_00066,MC,open_sea,bf_2_3,0,False,FAIL,0.0000,,0.0000,1.0,0.0,0.0,1.0,0.0000,,
mc_00067,MC,open_sea,bf_2_3,0,False,FAIL,0.0000,,0.0000,1.0,0.0,0.0,1.0,0.0000,,
mc_00068,MC,open_sea,bf_2_3,0,False,FAIL,0.0000,,0.0000,1.0,0.0,0.0,1.0,0.0000,,
mc_00069,MC,open_sea,bf_2_3,0,False,FAIL,0.0000,,0.0000,1.0,0.0,0.0,1.0,0.0000,,
mc_00070,MC,open_sea,bf_2_3,0,False,SKIP,0.0000,,0.0000,1.0,0.0,0.0,1.0,0.0000,,
mc_00071,MC,open_sea,bf_2_3,0,False,FAIL,0.0000,,0.0000,1.0,0.0,0.0,1.0,0.0000,,
mc_00072,MC,open_sea,bf_2_3,0,False,SKIP,0.0000,,0.0000,1.0,0.0,0.0,1.0,0.0000,,
mc_00073,MC,open_sea,bf_2_3,0,False,SKIP,0.0000,,0.0000,1.0,0.0,0.0,1.0,0.0000,,
mc_00074,MC,open_sea,bf_2_3,0,False,FAIL,0.0000,,0.0000,1.0,0.0,0.0,1.0,0.0000,,
mc_00075,MC,open_sea,bf_2_3,0,False,SKIP,0.0000,,0.0000,1.0,0.0,0.0,1.0,0.0000,,
mc_00076,MC,open_sea,bf_2_3,0,False,FAIL,0.0000,,0.0000,1.0,0.0,0.0,1.0,0.0000,,
mc_00077,MC,open_sea,bf_2_3,0,False,SKIP,0.0000,,0.0000,1.0,0.0,0.0,1.0,0.0000,,
mc_00078,MC,open_sea,bf_2_3,0,False,FAIL,0.0000,,0.0000,1.0,0.0,0.0,1.0,0.0000,,
mc_00079,MC,open_sea,bf_2_3,0,False,SKIP,0.0000,,0.0000,1.0,0.0,0.0,1.0,0.0000,,
mc_00080,MC,open_sea,bf_2_3,0,False,SKIP,0.0000,,0.0000,1.0,0.0,0.0,1.0,0.0000,,
mc_00081,MC,open_sea,bf_2_3,0,False,FAIL,0.0000,,0.0000,1.0,0.0,0.0,1.0,0.0000,,
mc_00082,MC,open_sea,bf_2_3,0,False,SKIP,0.0000,,0.0000,1.0,0.0,0.0,1.0,0.0000,,
mc_00083,MC,open_sea,bf_2_3,0,False,FAIL,0.0000,,0.0000,1.0,0.0,0.0,1.0,0.0000,,
mc_00084,MC,open_sea,bf_2_3,0,False,FAIL,0.0000,,0.0000,1.0,0.0,0.0,1.0,0.0000,,
mc_00085,MC,open_sea,bf_2_3,0,False,FAIL,0.0000,,0.0000,1.0,0.0,0.0,1.0,0.0000,,
mc_00086,MC,open_sea,bf_2_3,0,False,SKIP,0.0000,,0.0000,1.0,0.0,0.0,1.0,0.0000,,
mc_00087,MC,open_sea,bf_2_3,0,False,SKIP,0.0000,,0.0000,1.0,0.0,0.0,1.0,0.0000,,
mc_00088,MC,open_sea,bf_2_3,0,False,FAIL,0.0000,,0.0000,1.0,0.0,0.0,1.0,0.0000,,
mc_00089,MC,open_sea,bf_2_3,0,False,FAIL,0.0000,,0.0000,1.0,0.0,0.0,1.0,0.0000,,
mc_00090,MC,open_sea,bf_2_3,0,False,SKIP,0.0000,,0.0000,1.0,0.0,0.0,1.0,0.0000,,
mc_00091,MC,open_sea,bf_2_3,0,False,SKIP,0.0000,,0.0000,1.0,0.0,0.0,1.0,0.0000,,
mc_00092,MC,open_sea,bf_2_3,0,False,SKIP,0.0000,,0.0000,1.0,0.0,0.0,1.0,0.0000,,
mc_00093,MC,open_sea,bf_2_3,0,False,FAIL,0.0000,,0.0000,1.0,0.0,0.0,1.0,0.0000,,
mc_00094,MC,open_sea,bf_2_3,0,False,FAIL,0.0000,,0.0000,1.0,0.0,0.0,1.0,0.0000,,
mc_00095,MC,open_sea,bf_2_3,0,False,FAIL,0.0000,,0.0000,1.0,0.0,0.0,1.0,0.0000,,
mc_00096,MC,open_sea,bf_2_3,0,False,FAIL,0.0000,,0.0000,1.0,0.0,0.0,1.0,0.0000,,
mc_00097,MC,open_sea,bf_2_3,0,False,SKIP,0.0000,,0.0000,1.0,0.0,0.0,1.0,0.0000,,
mc_00098,MC,open_sea,bf_2_3,0,False,FAIL,0.0000,,0.0000,1.0,0.0,0.0,1.0,0.0000,,
mc_00099,MC,open_sea,bf_2_3,0,False,FAIL,0.0000,,0.0000,1.0,0.0,0.0,1.0,0.0000,,
mc_00100,MC,open_sea,bf_2_3,0,False,FAIL,0.0000,,0.0000,1.0,0.0,0.0,1.0,0.0000,,
mc_00101,MC,open_sea,bf_2_3,0,False,FAIL,0.0000,,0.0000,1.0,0.0,0.0,1.0,0.0000,,
mc_00102,MC,open_sea,bf_2_3,0,False,SKIP,0.0000,,0.0000,1.0,0.0,0.0,1.0,0.0000,,
mc_00103,MC,open_sea,bf_2_3,0,False,FAIL,0.0000,,0.0000,1.0,0.0,0.0,1.0,0.0000,,
mc_00104,MC,open_sea,bf_2_3,0,False,SKIP,0.0000,,0.0000,1.0,0.0,0.0,1.0,0.0000,,
mc_00105,MC,open_sea,bf_2_3,0,False,SKIP,0.0000,,0.0000,1.0,0.0,0.0,1.0,0.0000,,
mc_00106,MC,open_sea,bf_2_3,0,False,FAIL,0.0000,,0.0000,1.0,0.0,0.0,1.0,0.0000,,
mc_00107,MC,open_sea,bf_2_3,0,False,SKIP,0.0000,,0.0000,1.0,0.0,0.0,1.0,0.0000,,
mc_00108,MC,open_sea,bf_2_3,0,False,SKIP,0.0000,,0.0000,1.0,0.0,0.0,1.0,0.0000,,
mc_00109,MC,open_sea,bf_2_3,0,False,FAIL,0.0000,,0.0000,1.0,0.0,0.0,1.0,0.0000,,
mc_00110,MC,open_sea,bf_2_3,0,False,SKIP,0.0000,,0.0000,1.0,0.0,0.0,1.0,0.0000,,
mc_00111,MC,open_sea,bf_2_3,0,False,SKIP,0.0000,,0.0000,1.0,0.0,0.0,1.0,0.0000,,
mc_00112,MC,open_sea,bf_2_3,0,False,FAIL,0.0000,,0.0000,1.0,0.0,0.0,1.0,0.0000,,
mc_00113,MC,open_sea,bf_2_3,0,False,SKIP,0.0000,,0.0000,1.0,0.0,0.0,1.0,0.0000,,
mc_00114,MC,open_sea,bf_2_3,0,False,SKIP,0.0000,,0.0000,1.0,0.0,0.0,1.0,0.0000,,
mc_00115,MC,open_sea,bf_2_3,0,False,SKIP,0.0000,,0.0000,1.0,0.0,0.0,1.0,0.0000,,
mc_00116,MC,open_sea,bf_2_3,0,False,SKIP,0.0000,,0.0000,1.0,0.0,0.0,1.0,0.0000,,
mc_00117,MC,open_sea,bf_2_3,0,False,SKIP,0.0000,,0.0000,1.0,0.0,0.0,1.0,0.0000,,
mc_00118,MC,open_sea,bf_2_3,0,False,SKIP,0.0000,,0.0000,1.0,0.0,0.0,1.0,0.0000,,
mc_00119,MC,open_sea,bf_2_3,0,False,SKIP,0.0000,,0.0000,1.0,0.0,0.0,1.0,0.0000,,
mc_00120,MC,open_sea,bf_2_3,0,False,SKIP,0.0000,,0.0000,1.0,0.0,0.0,1.0,0.0000,,
mc_00121,MC,open_sea,bf_2_3,0,False,FAIL,0.0000,,0.0000,1.0,0.0,0.0,1.0,0.0000,,
mc_00122,MC,open_sea,bf_2_3,0,False,SKIP,0.0000,,0.0000,1.0,0.0,0.0,1.0,0.0000,,
mc_00123,MC,open_sea,bf_2_3,0,False,FAIL,0.0000,,0.0000,1.0,0.0,0.0,1.0,0.0000,,
mc_00124,MC,open_sea,bf_2_3,0,False,FAIL,0.0000,,0.0000,1.0,0.0,0.0,1.0,0.0000,,
mc_00125,MC,open_sea,bf_2_3,0,False,SKIP,0.0000,,0.0000,1.0,0.0,0.0,1.0,0.0000,,
mc_00126,MC,open_sea,bf_2_3,0,False,SKIP,0.0000,,0.0000,1.0,0.0,0.0,1.0,0.0000,,
mc_00127,MC,open_sea,bf_2_3,0,False,FAIL,0.0000,,0.0000,1.0,0.0,0.0,1.0,0.0000,,
mc_00128,MC,open_sea,bf_2_3,0,False,SKIP,0.0000,,0.0000,1.0,0.0,0.0,1.0,0.0000,,
mc_00129,MC,open_sea,bf_2_3,0,False,SKIP,0.0000,,0.0000,1.0,0.0,0.0,1.0,0.0000,,
mc_00130,MC,open_sea,bf_2_3,0,False,SKIP,0.0000,,0.0000,1.0,0.0,0.0,1.0,0.0000,,
mc_00131,MC,open_sea,bf_2_3,0,False,SKIP,0.0000,,0.0000,1.0,0.0,0.0,1.0,0.0000,,
mc_00132,MC,open_sea,bf_2_3,0,False,SKIP,0.0000,,0.0000,1.0,0.0,0.0,1.0,0.0000,,
mc_00133,MC,open_sea,bf_2_3,0,False,FAIL,0.0000,,0.0000,1.0,0.0,0.0,1.0,0.0000,,
mc_00134,MC,open_sea,bf_2_3,0,False,FAIL,0.0000,,0.0000,1.0,0.0,0.0,1.0,0.0000,,
mc_00135,MC,open_sea,bf_2_3,0,False,SKIP,0.0000,,0.0000,1.0,0.0,0.0,1.0,0.0000,,
mc_00136,MC,open_sea,bf_2_3,0,False,SKIP,0.0000,,0.0000,1.0,0.0,0.0,1.0,0.0000,,
mc_00137,MC,open_sea,bf_2_3,0,False,FAIL,0.0000,,0.0000,1.0,0.0,0.0,1.0,0.0000,,
mc_00138,MC,open_sea,bf_2_3,0,False,SKIP,0.0000,,0.0000,1.0,0.0,0.0,1.0,0.0000,,
mc_00139,MC,open_sea,bf_2_3,0,False,FAIL,0.0000,,0.0000,1.0,0.0,0.0,1.0,0.0000,,
mc_00140,MC,open_sea,bf_2_3,0,False,SKIP,0.0000,,0.0000,1.0,0.0,0.0,1.0,0.0000,,
mc_00141,MC,open_sea,bf_2_3,0,False,FAIL,0.0000,,0.0000,1.0,0.0,0.0,1.0,0.0000,,
mc_00142,MC,open_sea,bf_2_3,0,False,FAIL,0.0000,,0.0000,1.0,0.0,0.0,1.0,0.0000,,
mc_00143,MC,open_sea,bf_2_3,0,False,FAIL,0.0000,,0.0000,1.0,0.0,0.0,1.0,0.0000,,
mc_00144,MC,open_sea,bf_2_3,0,False,SKIP,0.0000,,0.0000,1.0,0.0,0.0,1.0,0.0000,,
mc_00145,MC,open_sea,bf_2_3,0,False,SKIP,0.0000,,0.0000,1.0,0.0,0.0,1.0,0.0000,,
mc_00146,MC,open_sea,bf_2_3,0,False,FAIL,0.0000,,0.0000,1.0,0.0,0.0,1.0,0.0000,,
mc_00147,MC,open_sea,bf_2_3,0,False,SKIP,0.0000,,0.0000,1.0,0.0,0.0,1.0,0.0000,,
mc_00148,MC,open_sea,bf_2_3,0,False,FAIL,0.0000,,0.0000,1.0,0.0,0.0,1.0,0.0000,,
mc_00149,MC,open_sea,bf_2_3,0,False,FAIL,0.0000,,0.0000,1.0,0.0,0.0,1.0,0.0000,,
mc_00150,MC,open_sea,bf_2_3,0,False,SKIP,0.0000,,0.0000,1.0,0.0,0.0,1.0,0.0000,,
mc_00151,MC,open_sea,bf_2_3,0,False,SKIP,0.0000,,0.0000,1.0,0.0,0.0,1.0,0.0000,,
mc_00152,MC,open_sea,bf_2_3,0,False,SKIP,0.0000,,0.0000,1.0,0.0,0.0,1.0,0.0000,,
mc_00153,MC,open_sea,bf_2_3,0,False,SKIP,0.0000,,0.0000,1.0,0.0,0.0,1.0,0.0000,,
mc_00154,MC,open_sea,bf_2_3,0,False,FAIL,0.0000,,0.0000,1.0,0.0,0.0,1.0,0.0000,,
mc_00155,MC,open_sea,bf_2_3,0,False,SKIP,0.0000,,0.0000,1.0,0.0,0.0,1.0,0.0000,,
mc_00156,MC,open_sea,bf_2_3,0,False,SKIP,0.0000,,0.0000,1.0,0.0,0.0,1.0,0.0000,,
mc_00157,MC,open_sea,bf_2_3,0,False,FAIL,0.0000,,0.0000,1.0,0.0,0.0,1.0,0.0000,,
mc_00158,MC,open_sea,bf_2_3,0,False,FAIL,0.0000,,0.0000,1.0,0.0,0.0,1.0,0.0000,,
mc_00159,MC,open_sea,bf_2_3,0,False,FAIL,0.0000,,0.0000,1.0,0.0,0.0,1.0,0.0000,,
mc_00160,MC,open_sea,bf_2_3,0,False,FAIL,0.0000,,0.0000,1.0,0.0,0.0,1.0,0.0000,,
mc_00161,MC,open_sea,bf_2_3,0,False,SKIP,0.0000,,0.0000,1.0,0.0,0.0,1.0,0.0000,,
mc_00162,MC,open_sea,bf_2_3,0,False,SKIP,0.0000,,0.0000,1.0,0.0,0.0,1.0,0.0000,,
mc_00163,MC,open_sea,bf_2_3,0,False,FAIL,0.0000,,0.0000,1.0,0.0,0.0,1.0,0.0000,,
mc_00164,MC,open_sea,bf_2_3,0,False,FAIL,0.0000,,0.0000,1.0,0.0,0.0,1.0,0.0000,,
mc_00165,MC,open_sea,bf_2_3,0,False,FAIL,0.0000,,0.0000,1.0,0.0,0.0,1.0,0.0000,,
mc_00166,MC,open_sea,bf_2_3,0,False,FAIL,0.0000,,0.0000,1.0,0.0,0.0,1.0,0.0000,,
mc_00167,MC,open_sea,bf_2_3,0,False,FAIL,0.0000,,0.0000,1.0,0.0,0.0,1.0,0.0000,,
mc_00168,MC,open_sea,bf_2_3,0,False,SKIP,0.0000,,0.0000,1.0,0.0,0.0,1.0,0.0000,,
mc_00169,MC,open_sea,bf_2_3,0,False,FAIL,0.0000,,0.0000,1.0,0.0,0.0,1.0,0.0000,,
mc_00170,MC,open_sea,bf_2_3,0,False,FAIL,0.0000,,0.0000,1.0,0.0,0.0,1.0,0.0000,,
mc_00171,MC,open_sea,bf_2_3,0,False,SKIP,0.0000,,0.0000,1.0,0.0,0.0,1.0,0.0000,,
mc_00172,MC,open_sea,bf_2_3,0,False,FAIL,0.0000,,0.0000,1.0,0.0,0.0,1.0,0.0000,,
mc_00173,MC,open_sea,bf_2_3,0,False,SKIP,0.0000,,0.0000,1.0,0.0,0.0,1.0,0.0000,,
mc_00174,MC,open_sea,bf_2_3,0,False,FAIL,0.0000,,0.0000,1.0,0.0,0.0,1.0,0.0000,,
mc_00175,MC,open_sea,bf_2_3,0,False,SKIP,0.0000,,0.0000,1.0,0.0,0.0,1.0,0.0000,,
mc_00176,MC,open_sea,bf_2_3,0,False,FAIL,0.0000,,0.0000,1.0,0.0,0.0,1.0,0.0000,,
mc_00177,MC,open_sea,bf_2_3,0,False,SKIP,0.0000,,0.0000,1.0,0.0,0.0,1.0,0.0000,,
mc_00178,MC,open_sea,bf_2_3,0,False,SKIP,0.0000,,0.0000,1.0,0.0,0.0,1.0,0.0000,,
mc_00179,MC,open_sea,bf_2_3,0,False,FAIL,0.0000,,0.0000,1.0,0.0,0.0,1.0,0.0000,,
mc_00180,MC,open_sea,bf_2_3,0,False,FAIL,0.0000,,0.0000,1.0,0.0,0.0,1.0,0.0000,,
mc_00181,MC,open_sea,bf_2_3,0,False,FAIL,0.0000,,0.0000,1.0,0.0,0.0,1.0,0.0000,,
mc_00182,MC,open_sea,bf_2_3,0,False,FAIL,0.0000,,0.0000,1.0,0.0,0.0,1.0,0.0000,,
mc_00183,MC,open_sea,bf_2_3,0,False,FAIL,0.0000,,0.0000,1.0,0.0,0.0,1.0,0.0000,,
mc_00184,MC,open_sea,bf_2_3,0,False,SKIP,0.0000,,0.0000,1.0,0.0,0.0,1.0,0.0000,,
mc_00185,MC,open_sea,bf_2_3,0,False,FAIL,0.0000,,0.0000,1.0,0.0,0.0,1.0,0.0000,,
mc_00186,MC,open_sea,bf_2_3,0,False,FAIL,0.0000,,0.0000,1.0,0.0,0.0,1.0,0.0000,,
mc_00187,MC,open_sea,bf_2_3,0,False,SKIP,0.0000,,0.0000,1.0,0.0,0.0,1.0,0.0000,,
mc_00188,MC,open_sea,bf_2_3,0,False,FAIL,0.0000,,0.0000,1.0,0.0,0.0,1.0,0.0000,,
mc_00189,MC,open_sea,bf_2_3,0,False,FAIL,0.0000,,0.0000,1.0,0.0,0.0,1.0,0.0000,,
mc_00190,MC,open_sea,bf_2_3,0,False,FAIL,0.0000,,0.0000,1.0,0.0,0.0,1.0,0.0000,,
mc_00191,MC,open_sea,bf_2_3,0,False,SKIP,0.0000,,0.0000,1.0,0.0,0.0,1.0,0.0000,,
mc_00192,MC,open_sea,bf_2_3,0,False,FAIL,0.0000,,0.0000,1.0,0.0,0.0,1.0,0.0000,,
mc_00193,MC,open_sea,bf_2_3,0,False,FAIL,0.0000,,0.0000,1.0,0.0,0.0,1.0,0.0000,,
mc_00194,MC,open_sea,bf_2_3,0,False,SKIP,0.0000,,0.0000,1.0,0.0,0.0,1.0,0.0000,,
mc_00195,MC,open_sea,bf_2_3,0,False,FAIL,0.0000,,0.0000,1.0,0.0,0.0,1.0,0.0000,,
mc_00196,MC,open_sea,bf_2_3,0,False,SKIP,0.0000,,0.0000,1.0,0.0,0.0,1.0,0.0000,,
mc_00197,MC,open_sea,bf_2_3,0,False,SKIP,0.0000,,0.0000,1.0,0.0,0.0,1.0,0.0000,,
mc_00198,MC,open_sea,bf_2_3,0,False,FAIL,0.0000,,0.0000,1.0,0.0,0.0,1.0,0.0000,,
mc_00199,MC,open_sea,bf_2_3,0,False,FAIL,0.0000,,0.0000,1.0,0.0,0.0,1.0,0.0000,,
